{
  "block_size_mb": 32,
  "n_trials": 100,
  "use_direct": true,
  "raw_times_ms": [
    16.550363000533252,
    22.860994999973627,
    38.225254000280984,
    38.982517000476946,
    39.429170999937924,
    17.4617920001765,
    31.16473699992639,
    28.791974999876402,
    15.556198000012955,
    14.186184999744,
    15.879810000114958,
    21.663814000021375,
    22.939416000554047,
    39.63739899973007,
    41.760592999708024,
    44.887921999361424,
    22.116710999398492,
    19.309381999846664,
    40.428805999908946,
    43.78035999980057,
    34.074876999511616,
    36.355037999783235,
    54.25883999942016,
    48.315361000277335,
    51.26540799938084,
    51.21641700043256,
    51.4517360006721,
    51.14361999949324,
    57.096548000117764,
    40.57056500005274,
    14.51878000079887,
    13.617087000056927,
    16.794349000520015,
    15.018106000752596,
    18.1484550003006,
    15.07122699968022,
    14.223840999875392,
    15.76627099984762,
    17.97021299989865,
    15.14611699985835,
    15.101988999958849,
    15.414280000186409,
    15.61337199927948,
    17.789768000511685,
    15.207970999654208,
    12.49622300019837,
    13.137636000465136,
    13.061920999462018,
    12.50266900024144,
    13.757319000433199,
    18.692914999519417,
    14.702916999340232,
    13.840856000570056,
    14.937715000087337,
    16.180826999516285,
    18.715438000072027,
    16.142809000484704,
    15.799160999449668,
    15.618307000295317,
    15.019983999991382,
    18.34408800004894,
    14.56055499966169,
    17.08208700074465,
    17.00094299940247,
    13.907075000133773,
    13.015713999266154,
    13.52872700044827,
    19.38507000068057,
    16.320730000188632,
    15.344718000051216,
    16.014797000025283,
    15.226231000269763,
    15.111277999494632,
    16.07297699956689,
    16.922591000366083,
    36.76027500023338,
    42.445020999366534,
    18.944747000205098,
    34.978628999851935,
    43.99991699938255,
    31.663767999816628,
    26.825508999536396,
    27.082264999990002,
    32.357490999856964,
    45.161625999753596,
    38.49979799997527,
    28.940209999746003,
    38.25057599988213,
    44.29981900011626,
    45.45852499995817,
    38.52751900012663,
    35.484885000187205,
    31.606495999767503,
    31.663941999795497,
    31.8565679999665,
    16.227673000685172,
    16.673381999680714,
    13.475290999849676,
    15.123266000045987,
    14.27533200057951
  ]
}